{
  "description": "Diagnostic skeleton for the corrected two-interval finite-gap dual ansatz; sampled, not proof-grade.",
  "fold": {
    "A_amplitude": 2.0058606074788328,
    "alpha_amplitude": 1.0538912613719877,
    "left_weight": 0.21282431322506543,
    "null_slope": 1.9032899132947951
  },
  "limit_solution": {
    "A": 1.1833536017651038,
    "alpha": 0.804461769730796
  },
  "rows": [
    {
      "branch_box": {
        "A": [
          1.1835541278258517,
          1.1835542478258518
        ],
        "alpha": [
          0.8045671188569332,
          0.8045671988569332
        ],
        "sign_margins": {
          "A<-ell": 0.6245531102729647,
          "A>1": 0.18355412782585168,
          "alpha<beta": 0.19543279114306678,
          "beta<1": 1.0000000050247593e-08,
          "ell<-1": 0.8081073580988165,
          "r<alpha": 0.7782440111930881
        }
      },
      "epsilon": 1e-08,
      "eta": 0.0001,
      "krawczyk_box": {
        "analytic_determinant": -0.297924160330918,
        "analytic_jacobian": [
          [
            0.706281005003015,
            -0.00038437459376803413
          ],
          [
            -9.006568243757809e-05,
            -0.42182095171975653
          ]
        ],
        "analytic_jacobian_max_abs_diff_from_fd": 0.003206354979606474,
        "center": {
          "B": 0.0001572365780604379,
          "tau": 1.0533734704987197
        },
        "correction": [
          3.569062331004716e-11,
          4.608422141207986e-08
        ],
        "determinant": -0.29565956725929904,
        "determinant_h_5e-5": -0.299998657708267,
        "jacobian": [
          [
            0.7062810017388621,
            -0.000385916298917266
          ],
          [
            -7.911341432056435e-05,
            -0.41861459674015006
          ]
        ],
        "potential_difference_check": {
          "F_cont_integral": 4.246603069191224e-15,
          "abs_difference": 5.349887199912473e-15,
          "direct": -1.1032841307212493e-15,
          "residue_log_primitive": null
        },
        "radii": {
          "B": 0.01,
          "tau": 0.01
        },
        "rescaled_residual": {
          "K1": 7.494005416219807e-12,
          "K2": -1.9439293349807855e-08
        },
        "sampled_contraction": 0.00958995570573546,
        "sampled_inclusion": [
          1.4303493265360302e-08,
          9.594564127876668e-05
        ],
        "sampled_margin": [
          0.009999985696506735,
          0.009904054358721234
        ],
        "sign_margins": {
          "A<-ell": 0.6245503498100082,
          "A>1": 0.18355120170898154,
          "alpha<beta": 0.19543188292215408,
          "beta<1": 1.0000000050247593e-08,
          "ell<-1": 0.8081073580988165,
          "r<alpha": 0.7782429994140007
        }
      },
      "solution": {
        "A": 1.183554104998895,
        "alpha": 0.8045671070778458,
        "beta": 0.99999999,
        "ell": -1.8081073580988165,
        "masses": {
          "density": 0.08191920328992669,
          "ell": 0.32840065617939923,
          "one": 3.530483760836787e-05,
          "r": 0.5896448356930705,
          "total": 1.0000000000000047
        },
        "r": 0.02632310766384517,
        "residuals": {
          "U_alpha": 7.494005416219807e-16,
          "U_minus_one": -3.5388358909926865e-16
        }
      }
    },
    {
      "branch_box": {
        "A": [
          1.1853534623725828,
          1.1853654623725827
        ],
        "alpha": [
          0.805511660992168,
          0.805519660992168
        ],
        "sign_margins": {
          "A<-ell": 0.6227409057262339,
          "A>1": 0.18535346237258277,
          "alpha<beta": 0.194479339007832,
          "beta<1": 1.0000000000287557e-06,
          "ell<-1": 0.8081063680988165,
          "r<alpha": 0.7791885533283228
        }
      },
      "epsilon": 1e-06,
      "eta": 0.001,
      "krawczyk_box": {
        "analytic_determinant": -0.29848460230402557,
        "analytic_jacobian": [
          [
            0.7058095923197175,
            -0.003837643088007133
          ],
          [
            -0.0008990390566883909,
            -0.4228918894853981
          ]
        ],
        "analytic_jacobian_max_abs_diff_from_fd": 2.9658294323775536e-06,
        "center": {
          "B": 0.0015563148895347823,
          "tau": 1.0502041454401034
        },
        "correction": [
          6.209353726161919e-12,
          7.297587471571587e-10
        ],
        "determinant": -0.2984825089071366,
        "determinant_h_5e-5": -0.29848371282873987,
        "jacobian": [
          [
            0.7058095925771557,
            -0.003837658801852939
          ],
          [
            -0.0008989845907885749,
            -0.4228889236559657
          ]
        ],
        "potential_difference_check": {
          "F_cont_integral": -5.440092820663267e-15,
          "abs_difference": 7.667477763817487e-15,
          "direct": 2.2273849431542203e-15,
          "residue_log_primitive": null
        },
        "radii": {
          "B": 0.01,
          "tau": 0.01
        },
        "rescaled_residual": {
          "K1": -1.582067810090848e-12,
          "K2": 3.086146379053043e-10
        },
        "sampled_contraction": 0.009648344063183267,
        "sampled_inclusion": [
          1.4258994204034578e-07,
          9.648417039057983e-05
        ],
        "sampled_margin": [
          0.00999985741005796,
          0.009903515829609421
        ],
        "sign_margins": {
          "A<-ell": 0.6227233341627736,
          "A>1": 0.18532496813777688,
          "alpha<beta": 0.19447702612376394,
          "beta<1": 1.0000000000287557e-06,
          "ell<-1": 0.8081063680988165,
          "r<alpha": 0.779178866212391
        }
      },
      "solution": {
        "A": 1.18535400103691,
        "alpha": 0.8055119738762361,
        "beta": 0.999999,
        "ell": -1.8081063680988165,
        "masses": {
          "density": 0.08125405696024889,
          "ell": 0.3275130406188913,
          "one": 0.00035248432945235447,
          "r": 0.5908804180914068,
          "total": 0.9999999999999993
        },
        "r": 0.02632310766384517,
        "residuals": {
          "U_alpha": -1.582067810090848e-15,
          "U_minus_one": 6.453171330633722e-16
        }
      }
    },
    {
      "branch_box": {
        "A": [
          1.189636689953546,
          1.1897566899535459
        ],
        "alpha": [
          0.8077544665228792,
          0.8078344665228793
        ],
        "sign_margins": {
          "A<-ell": 0.6183406781452705,
          "A>1": 0.189636689953546,
          "alpha<beta": 0.19215553347712078,
          "beta<1": 9.99999999995449e-06,
          "ell<-1": 0.8080973680988164,
          "r<alpha": 0.781431358859034
        }
      },
      "epsilon": 1e-05,
      "eta": 0.0031622776601683794,
      "krawczyk_box": {
        "analytic_determinant": -0.29983385095643783,
        "analytic_jacobian": [
          [
            0.7046872778107444,
            -0.012085288094441793
          ],
          [
            -0.002838120185779313,
            -0.42543630472191135
          ]
        ],
        "analytic_jacobian_max_abs_diff_from_fd": 2.3174794910874041e-07,
        "center": {
          "B": 0.004794843607677457,
          "tau": 1.0423472128186444
        },
        "correction": [
          2.5171500301312383e-13,
          1.467737954372982e-11
        ],
        "determinant": -0.2998340141640407,
        "determinant_h_5e-5": -0.29983368034803337,
        "jacobian": [
          [
            0.7046872778211456,
            -0.012085287674848231
          ],
          [
            -0.002838111459240506,
            -0.42543653646986046
          ]
        ],
        "potential_difference_check": {
          "F_cont_integral": -5.023759186428833e-15,
          "abs_difference": 4.961309141293668e-15,
          "direct": -6.245004513516506e-17,