{
  "description": "Diagnostic skeleton for the corrected two-interval finite-gap dual ansatz; sampled, not proof-grade.",
  "fold": {
    "A_amplitude": 2.0058606074788328,
    "alpha_amplitude": 1.0538912613719877,
    "left_weight": 0.21282431322506543,
    "null_slope": 1.9032899132947951
  },
  "limit_solution": {
    "A": 1.1833536017651038,
    "alpha": 0.804461769730796
  },
  "rows": [
    {
      "branch_box": {
        "A": [
          1.189636689953546,
          1.1897566899535459
        ],
        "alpha": [
          0.8077544665228792,
          0.8078344665228793
        ],
        "sign_margins": {
          "A<-ell": 0.6183406781452705,
          "A>1": 0.189636689953546,
          "alpha<beta": 0.19215553347712078,
          "beta<1": 9.99999999995449e-06,
          "ell<-1": 0.8080973680988164,
          "r<alpha": 0.781431358859034
        }
      },
      "epsilon": 1e-05,
      "eta": 0.0031622776601683794,
      "krawczyk_box": {
        "analytic_determinant": -0.29983385096731685,
        "analytic_jacobian": [
          [
            0.7046872778106902,
            -0.012085288094825378
          ],
          [
            -0.0028381201855949985,
            -0.42543630473738375
          ]
        ],
        "analytic_jacobian_max_abs_diff_from_fd": 7.03413901570471e-08,
        "center": {
          "B": 0.004794843607828225,
          "tau": 1.0423472128506983
        },
        "correction": [
          5.227776486738929e-13,
          1.741019745722228e-11
        ],
        "determinant": -0.29983380137078747,
        "determinant_h_5e-5": -0.29983382771668043,
        "jacobian": [
          [
            0.7046872777333748,
            -0.012085287104337794
          ],
          [
            -0.0028381208357463397,
            -0.4254362343959936
          ]
        ],
        "potential_difference_check": {
          "F_cont_integral": -2.9976021664879227e-15,
          "abs_difference": 3.677613769070831e-15,
          "direct": 6.800116025829084e-16,
          "residue_log_primitive": null
        },
        "radii": {
          "B": 0.01,
          "tau": 0.01
        },
        "rescaled_residual": {
          "K1": -1.5798750608595153e-13,
          "K2": 7.408413776746121e-12
        },
        "sampled_contraction": 0.009788432098821126,
        "sampled_inclusion": [
          4.5090931124500914e-07,
          9.788433839840873e-05
        ],
        "sampled_margin": [
          0.009999549090688755,
          0.00990211566160159
        ],
        "sign_margins": {
          "A<-ell": 0.6183631859548124,
          "A>1": 0.1895505619673279,
          "alpha<beta": 0.1922004161872658,
          "beta<1": 9.99999999995449e-06,
          "ell<-1": 0.8080973680988164,
          "r<alpha": 0.7814032305956856
        }
      },
      "solution": {
        "A": 1.189642372055666,
        "alpha": 0.8077579610361325,
        "beta": 0.99999,
        "ell": -1.8080973680988164,
        "masses": {
          "density": 0.07967003550321566,
          "ell": 0.3253937590929898,
          "one": 0.0011103767123052538,
          "r": 0.5938258286914895,
          "total": 1.0000000000000002
        },
        "r": 0.02632310766384517,
        "residuals": {
          "U_alpha": -4.996003610813204e-16,
          "U_minus_one": 1.8041124150158794e-16
        }
      }
    },
    {
      "branch_box": {
        "A": [
          1.1922040831085274,
          1.1924440831085272
        ],
        "alpha": [
          0.8090949147334375,
          0.8092549147334375
        ],
        "sign_margins": {
          "A<-ell": 0.6156432849902893,
          "A>1": 0.19220408310852743,
          "alpha<beta": 0.1907250852665625,
          "beta<1": 2.0000000000020002e-05,
          "ell<-1": 0.8080873680988165,
          "r<alpha": 0.7827718070695924
        }
      },
      "epsilon": 2e-05,
      "eta": 0.00447213595499958,
      "krawczyk_box": {
        "analytic_determinant": -0.3006533704098093,
        "analytic_jacobian": [
          [
            0.7040143969988482,
            -0.01704780541263964
          ],
          [
            -0.004009583788838582,
            -0.4269586205721916
          ]
        ],
        "analytic_jacobian_max_abs_diff_from_fd": 6.495841475828712e-09,
        "center": {
          "B": 0.006673448372906954,
          "tau": 1.0376403920757342
        },
        "correction": [
          1.0597395504696487e-13,
          2.9201323761350454e-12
        ],
        "determinant": -0.30065337491513144,
        "determinant_h_5e-5": -0.30065335073119004,
        "jacobian": [
          [
            0.7040143969666525,
            -0.01704780503941095
          ],
          [
            -0.004009580703336434,
            -0.42695862706803306
          ]
        ],
        "potential_difference_check": {
          "F_cont_integral": -5.800915303666443e-15,
          "abs_difference": 5.960509863456309e-15,
          "direct": 1.5959455978986625e-16,
          "residue_log_primitive": null
        },
        "radii": {
          "B": 0.01,
          "tau": 0.01
        },
        "rescaled_residual": {
          "K1": -2.4825341532472726e-14,
          "K2": 1.2472006026550106e-12
        },
        "sampled_contraction": 0.009873161034907757,
        "sampled_inclusion": [
          6.379065132162138e-07,
          9.873161326920995e-05
        ],
        "sampled_margin": [
          0.009999362093486784,
          0.009901268386730791
        ],
        "sign_margins": {
          "A<-ell": 0.6157419250319156,
          "A>1": 0.19208576492272034,
          "alpha<beta": 0.19083304000389223,
          "beta<1": 2.0000000000020002e-05,
          "ell<-1": 0.8080873680988165,
          "r<alpha": 0.7827344096131625
        }
      },
      "solution": {
        "A": 1.1922156039948106,
        "alpha": 0.8091022386365577,
        "beta": 0.99998,
        "ell": -1.8080873680988165,
        "masses": {
          "density": 0.07872002569947767,
          "ell": 0.3241190150913069,
          "one": 0.0015666543939888325,
          "r": 0.5955943048152267,
          "total": 1.0
        },
        "r": 0.02632310766384517,
        "residuals": {
          "U_alpha": -1.1102230246251565e-16,
          "U_minus_one": 4.85722573273506e-17
        }
      }
    },
    {
      "branch_box": {
        "A": [
          1.1972371781417364,
          1.1978371781417363
        ],
        "alpha": [
          0.8117139063062898,
          0.8121139063062898
        ],
        "sign_margins": {
          "A<-ell": 0.61022018995708,
          "A>1": 0.19723717814173636,
          "alpha<beta": 0.18783609369371024,
          "beta<1": 4.999999999999449e-05,
          "ell<-1": 0.8080573680988163,
          "r<alpha": 0.7853907986424447
        }
      },
      "epsilon": 5e-05,
      "eta": 0.007071067811865475,
      "krawczyk_box": {
        "analytic_determinant": -0.30228426461955643,
        "analytic_jacobian": [
          [
            0.7026947390148063,
            -0.026818467802929048
          ],
          [
            -0.006326997562069482,
            -0.4299371654080123
          ]
        ],
        "analytic_jacobian_max_abs_diff_from_fd": 2.5194760722158094e-09,
        "center": {
          "B": 0.010218395448168494,
          "tau": 1.0284274216857667
        },
        "correction": [
          4.8985808927636636e-15,
          2.747151038915155e-13
        ],
        "determinant": -0.3022842627977892,
        "determinant_h_5e-5": -0.30228425356256705,
        "jacobian": [
          [
            0.7026947389092468,
            -0.026818468063592053
          ],
          [
            -0.006326997278314264,
            -0.42993716288853623
          ]
        ],
        "potential_difference_check": {
          "F_cont_integral": -4.440892098500626e-16,
          "abs_difference": 4.163336342344337e-16,
          "direct": -2.7755575615628914e-17,